{"musicVolume":-7.541705131530762,"uiVolume":-4.694614887237549,"soundVolume":-2.7151999473571779}